sci_name,target_taxon,probe_id,probe_full_seq,code
Streptococcus,1301,Str405_001,TAGCCGTCCCTTTCTGGTTGTGGAGGGATTGAAGGATA,00001
Neisseria,482,Nei1030_002,CCTGTGTTACGGCTCCCGATAGGAAATGGTGGTAGTGT,00010
Veillonella,29465,Vei488_004,CCGTGGCTTTCTATTCCGAGAGTGAGTAGTAGTGGAGT,00100
Rothia,32207,Rot491_032,TAGCCGGCGCTTTCTCTGAGGTTAGGTTGAGAATAGGA,01000
Actinomyces,1654,Act476_064,ATCCAGCTACCGTCAACCGATGATGTAGTAGTAAGGGT,10000
Selenomonas,970,Sel60_007_01,TCATTCGCTCCGTTCGACTGTGGAGGGATTGAAGGATA,00111
Selenomonas,970,Sel60_007_02,TCATTCGCTCCGTTCGACATAGGAAATGGTGGTAGTGT,00111
Selenomonas,970,Sel60_007_03,TCATTCGCTCCGTTCGACAGAGTGAGTAGTAGTGGAGT,00111
Campylobacter,194,Cam1021_035_01,ATTTCTGCAAGCAGACACTCTGTGGAGGGATTGAAGGATA,01011
Campylobacter,194,Cam1021_035_02,ATTTCTGCAAGCAGACACTCATAGGAAATGGTGGTAGTGT,01011
Campylobacter,194,Cam1021_035_08,ATTTCTGCAAGCAGACACTCAGGTTAGGTTGAGAATAGGA,01011
Corynebacterium,1716,Cor595_067_01,CCGGAATTTCACAGACGACGTGTGGAGGGATTGAAGGATA,10011
Corynebacterium,1716,Cor595_067_02,CCGGAATTTCACAGACGACGATAGGAAATGGTGGTAGTGT,10011
Corynebacterium,1716,Cor595_067_10,CCGGAATTTCACAGACGACGGATGATGTAGTAGTAAGGGT,10011
Corynebacterium,1716,Cor633_067_01,AGTTATGCCCGTATCGCCTGTGTGGAGGGATTGAAGGATA,10011
Corynebacterium,1716,Cor633_067_02,AGTTATGCCCGTATCGCCTGATAGGAAATGGTGGTAGTGT,10011
Corynebacterium,1716,Cor633_067_10,AGTTATGCCCGTATCGCCTGGATGATGTAGTAGTAAGGGT,10011
Corynebacterium,1716,Cmat175_067_01,ACTAAACCATGGTCCTATCCGTGTGGAGGGATTGAAGGATA,10011
Corynebacterium,1716,Cmat175_067_02,ACTAAACCATGGTCCTATCCGATAGGAAATGGTGGTAGTGT,10011
Corynebacterium,1716,Cmat175_067_10,ACTAAACCATGGTCCTATCCGGATGATGTAGTAGTAAGGGT,10011
Saccharibacteria,95818,TM7550_097_01,CCCAGTCACTCCGGATAATGTGGAGGGATTGAAGGATA,11001
Saccharibacteria,95818,TM7550_097_08,CCCAGTCACTCCGGATAAAGGTTAGGTTGAGAATAGGA,11001
Saccharibacteria,95818,TM7550_097_10,CCCAGTCACTCCGGATAAGATGATGTAGTAGTAAGGGT,11001
Leptotrichia,32067,Lep568_098_02,GCCTAGATGCCCTTTATGATAGGAAATGGTGGTAGTGT,11010
Leptotrichia,32067,Lep568_098_08,GCCTAGATGCCCTTTATGAGGTTAGGTTGAGAATAGGA,11010
Leptotrichia,32067,Lep568_098_10,GCCTAGATGCCCTTTATGGATGATGTAGTAGTAAGGGT,11010
Lautropia,47670,Lmir444_100_03,TGGCACAGTCCTTTTCGTTCCAGAGTGAGTAGTAGTGGAGT,11100
Lautropia,47670,Lmir444_100_08,TGGCACAGTCCTTTTCGTTCCAGGTTAGGTTGAGAATAGGA,11100
Lautropia,47670,Lmir444_100_10,TGGCACAGTCCTTTTCGTTCCGATGATGTAGTAGTAAGGGT,11100
Pasteurellaceae,712,Pas111_070_02,TCCCAAGCATTACTCACCATAGGAAATGGTGGTAGTGT,10110
Pasteurellaceae,712,Pas111_070_03,TCCCAAGCATTACTCACCAGAGTGAGTAGTAGTGGAGT,10110
Pasteurellaceae,712,Pas111_070_10,TCCCAAGCATTACTCACCGATGATGTAGTAGTAAGGGT,10110
Porphyromonas,836,Pg1160_069_01,CCTCACGCCTTACGACGGTGTGGAGGGATTGAAGGATA,10101
Porphyromonas,836,Pg1160_069_03,CCTCACGCCTTACGACGGAGAGTGAGTAGTAGTGGAGT,10101
Porphyromonas,836,Pg1160_069_10,CCTCACGCCTTACGACGGGATGATGTAGTAGTAAGGGT,10101
Capnocytophaga,1016,Cap371_037_01,TCAGTCTTCCGACCATTGTGTGGAGGGATTGAAGGATA,01101
Capnocytophaga,1016,Cap371_037_03,TCAGTCTTCCGACCATTGAGAGTGAGTAGTAGTGGAGT,01101
Capnocytophaga,1016,Cap371_037_08,TCAGTCTTCCGACCATTGAGGTTAGGTTGAGAATAGGA,01101
Prevotella,838,Prv392_038_02,GCACGCTACTTGGCTGGATAGGAAATGGTGGTAGTGT,01110
Prevotella,838,Prv392_038_03,GCACGCTACTTGGCTGGAGAGTGAGTAGTAGTGGAGT,01110
Prevotella,838,Prv392_038_08,GCACGCTACTTGGCTGGAGGTTAGGTTGAGAATAGGA,01110
Gemella,1378,Gem572_103_01,TAAACCACCTGCGCGCGCTTTGTGGAGGGATTGAAGGATA,11111
Gemella,1378,Gem572_103_02,TAAACCACCTGCGCGCGCTTATAGGAAATGGTGGTAGTGT,11111
Gemella,1378,Gem572_103_03,TAAACCACCTGCGCGCGCTTAGAGTGAGTAGTAGTGGAGT,11111
Gemella,1378,Gem572_103_08,TAAACCACCTGCGCGCGCTTAGGTTAGGTTGAGAATAGGA,11111
Gemella,1378,Gem572_103_10,TAAACCACCTGCGCGCGCTTGATGATGTAGTAGTAAGGGT,11111
Treponema,157,Trp684_003_01,TCTACAGATTCCACCCCTACTGTGGAGGGATTGAAGGATA,00011
Treponema,157,Trp684_003_02,TCTACAGATTCCACCCCTACATAGGAAATGGTGGTAGTGT,00011
Fusobacterium,848,Fus714_033_01,GGCTTCCCCATCGGCATTTGTGGAGGGATTGAAGGATA,01001
Fusobacterium,848,Fus714_033_08,GGCTTCCCCATCGGCATTAGGTTAGGTTGAGAATAGGA,01001
